<?xml version="1.0" encoding="UTF-8"?>
<wordclock language="sq">
    <title>
        <![CDATA[Tre e katërdhjetë e pesë e dymbëdhjetë sekonda]]>
    </title>
    <author>
        <name>
            <![CDATA[Jeton Aliji]]>
        </name>
        <url>
            <![CDATA[http://aliji.wordpress.com]]>
        </url>
        <email>
            <![CDATA[a.jeton@gmail.com]]>
        </email>
    </author>
    <suitability>
        <suitable style="rotary"/>
    </suitability>
    <group>
        <sequence bind="hour" first="1" delimeter=",">
            <![CDATA[Një,Dy,Tre,Katër,Pesë,Gjashtë,Shtatë,Tetë,Nëntë,Dhjetë,Njëmbëdhjetë,Dymbëdhjetë]]>
        </sequence>
    </group>
    <group>
        <sequence bind="minute" first="0" delimeter=",">
            <![CDATA[ora,e një,e dy,e tre,e katër,e pesë,e gjashtë,e shtatë,e tetë,e nëntë,e dhjetë,e njëmbëdhjetë, e dymbëdhjetë,e trembëdhjetë,e katërmbëdhjetë,e pesëmbëdhjetë,e gjashtëmbëdhjetë,e shtatëmbëdhjetë,e tetëmbëdhjetë,e nëntëmbëdhjetë,e njëzet,e njëzet e një,e njëzet e dy,e njëzet e tre,e njëzet e katër,e njëzet e pesë,e njëzet e gjashtë,e njëzet e shtatë,e njëzet e tetë,e njëzet e nëntë,e tridhjetë,e tridhjetë e një,e tridhjetë e dy,e tridhjetë e tre,e tridhjetë e katër,e tridhjetë e pesë,e tridhjetë e gjashtë,e tridhjetë e shtatë,e tridhjetë e tetë,e tridhjetë e nëntë,e dyzet,e dyzet e një,e dyzet e dy,e dyzet e tre,e dyzet e katër,e dyzet e pesë,e dyzet e gjashtë,e dyzet e shtatë,e dyzet e tetë,e dyzet e nëntë,e pesëdhjetë,e pesëdhjetë e një,e pesëdhjetë e dy,e pesëdhjetë e tre,e pesëdhjetë e katër,e pesëdhjetë e pesë,e pesëdhjetë e gjashtë,e pesëdhjetë e shtatë,e pesëdhjetë e tetë,e pesëdhjetë e nëntë]]>
        </sequence>
    </group>
    <group>
        <item highlight="second==0">
            <![CDATA[]]>
        </item>
        <item highlight="second!=0">
            <![CDATA[dhe]]>
        </item>
        <space count="58"/>
    </group>
    <group>
        <sequence bind="second" first="0" delimeter=",">
            <![CDATA[saktë,një,dy,tre,katër,pesë,gjashtë,shtatë,tetë,nëntë,dhjetë,njëmbëdhjetë,dymbëdhjetë,trembëdhjetë,katërmbëdhjetë,pesëmbëdhjetë,gjashtëmbëdhjetë,shtatëmbëdhjetë,tetëmbëdhjetë,nëntëmbëdhjetë, njëzet,njëzet e një,njëzet e dy,njëzet e tre,njëzet e katër,njëzet e pesë,njëzet e gjashtë,njëzet e shtatë,njëzet e tetë,njëzet e nëntë,tridhjetë,tridhjetë e një,tridhjetë e dy,tridhjetë e tre,tridhjetë e katër,tridhjetë e pesë,tridhjetë e gjashtë,tridhjetë e shtatë,tridhjetë e tetë,tridhjetë e nëntë,dyzet,dyzet e një,dyzet e dy,dyzet e tre,dyzet e katër,dyzet e pesë,dyzet e gjashtë,dyzet e shtatë,dyzet e tetë,dyzet e nëntë,pesëdhjetë,pesëdhjetë e një,pesëdhjetë e dy,pesëdhjetë e tre,pesëdhjetë e katër,pesëdhjetë e pesë,pesëdhjetë e gjashtë,pesëdhjetë e shtatë,pesëdhjetë e tetë,pesëdhjetë e nëntë]]>
        </sequence>
    </group>
    
    <group>
        <item highlight="second&lt;1">
            <![CDATA[]]>
        </item>
        <item highlight="second&gt;1">
            <![CDATA[sekonda]]>
        </item>
        <space count="58"/>
    </group>
</wordclock>
