<?xml version="1.0" encoding="UTF-8"?>
<wordclock language="hr">
    <title>
        <![CDATA[Ponedjeljak drugi ožujka,četiri četrdeset šest…]]>
    </title>
    <author>
        <name>
            <![CDATA[Melita Migan Zgombić]]>
        </name>
        <url>
            <![CDATA[http://www.autohrvatska.hr/]]>
        </url>
        <email>
            <![CDATA[mmzgombic@autohrvatska.hr]]>
        </email>
    </author>
    <suitability>
        <suitable style="linear"/>
        <suitable style="rotary"/>
    </suitability>
    <group>
        <sequence bind="day" first="0" delimeter=",">
            <![CDATA[nedjelja,ponedjeljak,utorak,srijeda,četvrtak,petak,subota]]>
        </sequence>
    </group>
    <group>
        <sequence bind="date" first="1" delimeter=",">
            <![CDATA[prvi,drugi,teći,četvrti,peti,šesti,sedmi,osmi,deveti,deseti,jedanaesti,dvanaesti,trinaesti,četrnaesti,petnaesti,šestnaesti,sedamnaesti,osamnaesti,devetnaesti,dvadeseti,dvadesetprvi,dvadesetdrugi,dvadesettreći,dvadesetčetvrti,dvadesetpeti,dvadesetšesti,dvadesetsedmi,dvadesetosmi,dvadesetdeveti,trideseti,tridesetprvi]]>
        </sequence>
    </group>
    <group>
        <sequence bind="month" first="0" delimeter=",">
            <![CDATA[siječanj,veljača,ožujak,travanj,svibanj,lipanj,srpanj,kolovoz,rujan,listopad,studeni,prosinac]]>
        </sequence>
    </group>
    <group>
        <sequence bind="hour" first="1" delimeter=",">
            <![CDATA[jedan,dva,tri,četiri,pet,šest,sedam,osam,devet,deset,jedanaest,dvanaest]]>
        </sequence>
    </group>
    <group>
        <sequence bind="minute" first="0" delimeter=",">
            <![CDATA[sati,i jedan,i dva,i tri,i četiri,i pet,i šest,i sedam,i osam,i devet,deset,jedanaest,dvanaest,trinaest,četrnaest,petnaest,šestnaest,sedamnaest,osaamnaest,devetnaest,dvadeset,dvadesetjedan,dvadesetdva,dvadesettri,dvadesetčetiri,dvadesetpet,dvadesetšest,dvadesetsedam,dvadesetosam,dvadesetdevet,trideset,tridesetjedan,tridesetdva,tridesettri,tridesetčetiri,tridesetpet,tridesetšest,tridesetsedam,tridesetosam,tridesetdevet,četrdeset,četrdesetjedan,četrdesetdva,četrdesettri,četrdesetčetiri,četrdesetpet,četrdesetšest,četrdesetsedam,četrdesetosam,četrdesetdevet,pedeset,pedesetjedan,pedesetdva,pedesettri,pedesetčetiri,pedesetpet,pedesetšest,pedesetsedam,pedesetosam,pedesetdevet]]>
        </sequence>
    </group>
    
    <group>
        <item highlight="true">
            <![CDATA[minuta]]>
        </item>
    </group>
    
    <group>
        <item highlight="twentyfourhour&lt;12">
            <![CDATA[prijepodne]]>
        </item>
        <item highlight="twentyfourhour&gt;=12">
            <![CDATA[poslijepodne]]>
        </item>
        <space count="58"/>
    </group>
    
    <group>
        <sequence bind="second" first="0" delimeter=",">
            <![CDATA[,jedna,dvije,tri,četiri,pet,šest,sedam,osam,devet,deset,jedanaest,dvanaest,trinaest,četrnaest,petnaest,šestnaest,sedamnaest,osaamnaest,devetnaest,dvadeset,dvadesetjedna,dvadesetdvije,dvadesettri,dvadesetčetiri,dvadesetpet,dvadesetšest,dvadesetsedam,dvadesetosam,dvadesetdevet,trideset,tridesetjedna,tridesetdvije,tridesettri,tridesetčetiri,tridesetpet,tridesetšest,tridesetsedam,tridesetosam,tridesetdevet,četrdeset,četrdesetjedna,četrdesetdvije,četrdesettri,četrdesetčetiri,četrdesetpet,četrdesetšest,četrdesetsedam,četrdesetosam,četrdesetdevet,pedeset,pedesetjedna,pedesetdvije,pedesettri,pedesetčetiri,pedesetpet,pedesetšest,pedesetsedam,pedesetosam,pedesetdevet]]>
        </sequence>
    </group>
    
    <group>
        <item highlight="second!=0">
            <![CDATA[sekundi]]>
        </item>
    </group>
    
</wordclock>
