﻿<?xml version="1.0" encoding="UTF-8"?>
<wordclock language="et">
	<title>
		<![CDATA[Kell on neli viiskümmend kolm ja kaksteist sekundit]]>
	</title>
	<author>
		<name><![CDATA[Mait Uus]]></name>
		<email><![CDATA[maituus@gmail.com]]></email>
	</author>
	<suitability>
		<suitable style="rotary" />
		<suitable style="linear" />
	</suitability>

	<group>
		<item highlight="true"><![CDATA[Kell on]]></item>
	</group>

	<group>
		<item highlight="twentyfourhour&gt;0 &amp;&amp; twentyfourhour&lt;10"><![CDATA[]]></item>
		<sequence bind="twentyfourhour" first="10" delimeter=",">
			<![CDATA[kümme,üksteist,kaksteist,kolmteist,neliteist,viisteist,kuusteist,seitseteist,kaheksateist,üheksateist]]>
		</sequence>
		<item highlight="twentyfourhour&gt;19 || twentyfourhour==0"><![CDATA[kakskümmend]]></item>
	</group>

	<group>
		<item highlight="twentyfourhour&gt;9 &amp;&amp; twentyfourhour&lt;21"><![CDATA[]]></item>
		<item highlight="(twentyfourhour%10)==1"><![CDATA[üks]]></item>
		<item highlight="(twentyfourhour%10)==2"><![CDATA[kaks]]></item>
		<item highlight="(twentyfourhour%10)==3"><![CDATA[kolm]]></item>
		<item highlight="(twentyfourhour%10)==4 || twentyfourhour==0"><![CDATA[neli]]></item>
		<item highlight="twentyfourhour==5"><![CDATA[viis]]></item>
		<item highlight="twentyfourhour==6"><![CDATA[kuus]]></item>
		<item highlight="twentyfourhour==7"><![CDATA[seitse]]></item>
		<item highlight="twentyfourhour==8"><![CDATA[kaheksa]]></item>
		<item highlight="twentyfourhour==9"><![CDATA[üheksa]]></item>
	</group>

	<group>
		<item highlight="(minute==0) || (minute&gt;0 &amp;&amp; minute&lt;10)"><![CDATA[null]]></item>
		<sequence bind="minute" first="10" delimeter=",">
			<![CDATA[kümme,üksteist,kaksteist,kolmteist,neliteist,viisteist,kuusteist,seitseteist,kaheksateist,üheksateist]]>
		</sequence>
		<item highlight="minute&gt;=20 &amp;&amp; minute&lt;30"><![CDATA[kakskümmend]]></item>
		<item highlight="minute&gt;=30 &amp;&amp; minute&lt;40"><![CDATA[kolmkümmend]]></item>
		<item highlight="minute&gt;=40 &amp;&amp; minute&lt;50"><![CDATA[nelikümmend]]></item>
		<item highlight="minute&gt;=50 &amp;&amp; minute&lt;60"><![CDATA[viiskümmend]]></item>
	</group>

	<group>
		<item highlight="((minute%10)==0 &amp;&amp; minute!=0) || (minute&gt;10 &amp;&amp; minute&lt;21)"><![CDATA[]]></item>
		<item highlight="minute==0"><![CDATA[null]]></item>
		<item highlight="(minute%10)==1"><![CDATA[üks]]></item>
		<item highlight="(minute%10)==2"><![CDATA[kaks]]></item>
		<item highlight="(minute%10)==3"><![CDATA[kolm]]></item>
		<item highlight="(minute%10)==4"><![CDATA[neli]]></item>
		<item highlight="(minute%10)==5"><![CDATA[viis]]></item>
		<item highlight="(minute%10)==6"><![CDATA[kuus]]></item>
		<item highlight="(minute%10)==7"><![CDATA[seitse]]></item>
		<item highlight="(minute%10)==8"><![CDATA[kaheksa]]></item>
		<item highlight="(minute%10)==9"><![CDATA[üheksa]]></item>
	</group>

	<group>
		<item highlight="second==0"><![CDATA[]]></item>
		<item highlight="second!=0"><![CDATA[ja]]></item>
		<space count="58" />
	</group>

	<group>
		<item highlight="second==0"><![CDATA[]]></item>
		<item highlight="second&gt;0 &amp;&amp; second&lt;10"><![CDATA[]]></item>
		<sequence bind="second" first="10" delimeter=",">
			<![CDATA[kümme,üksteist,kaksteist,kolmteist,neliteist,viisteist,kuusteist,seitseteist,kaheksateist,üheksateist]]>
		</sequence>
		<item highlight="second&gt;=20 &amp;&amp; second&lt;30"><![CDATA[kakskümmend]]></item>
		<item highlight="second&gt;=30 &amp;&amp; second&lt;40"><![CDATA[kolmkümmend]]></item>
		<item highlight="second&gt;=40 &amp;&amp; second&lt;50"><![CDATA[nelikümmend]]></item>
		<item highlight="second&gt;=50 &amp;&amp; second&lt;60"><![CDATA[viiskümmend]]></item>
	</group>

	<group>
		<item highlight="(second%10)==0 || (second&gt;10 &amp;&amp; second&lt;21)"><![CDATA[]]></item>
		<item highlight="(second%10)==1"><![CDATA[üks]]></item>
		<item highlight="(second%10)==2"><![CDATA[kaks]]></item>
		<item highlight="(second%10)==3"><![CDATA[kolm]]></item>
		<item highlight="(second%10)==4"><![CDATA[neli]]></item>
		<item highlight="(second%10)==5"><![CDATA[viis]]></item>
		<item highlight="(second%10)==6"><![CDATA[kuus]]></item>
		<item highlight="(second%10)==7"><![CDATA[seitse]]></item>
		<item highlight="(second%10)==8"><![CDATA[kaheksa]]></item>
		<item highlight="(second%10)==9"><![CDATA[üheksa]]></item>
	</group>
	
	<group>
		<item highlight="second&lt;1"><![CDATA[]]></item>
		<item highlight="second==1"><![CDATA[sekund]]></item>
		<item highlight="second&gt;1"><![CDATA[sekundit]]></item>
		<space count="57" />
	</group>
</wordclock>