<?xml version="1.0" encoding="UTF-8"?>
<wordclock language="el">
	<title>
		<![CDATA[Ελληνικά]]>
	</title>
	<author>
		<name><![CDATA[Yannis Baritakis]]></name>
		<url><![CDATA[http://www.runaway.gr/]]></url>
		<email><![CDATA[ibar-at-runaway-dot-gr]]></email>
	</author>
	<suitability>
		<suitable style="linear" />
	</suitability>
	<group>
		<sequence bind="day" first="0" delimeter=",">
			<![CDATA[Κυριακή,Δευτέρα,Τρίτη,Τετάρτη,Πέμπτη,Παρασκευή,Σάββατο]]>
		</sequence>
	</group>
	<group>
		<item highlight="true"><![CDATA[,]]></item>
	</group>
	<group>
		<sequence bind="date" first="1" delimeter=",">		
			<![CDATA[μία,δύο,τρεις,τέσσερις,πέντε,έξη,εφτά,οχτώ,εννιά,δέκα,έντεκα,δώδεκα,δεκατρείς,δεκατέσσερις,δεκαπέντε,δεκαέξι,δεκαεφτά,δεκαοχτώ,δεκαεννιά,είκοσι,εικοσιμία,εικοσιδύο,εικοσιτρείς,εικοσιτέσσερις,εικοσιπέντε,εικοσιέξη,εικοσιεφτά,εικοσιοχτώ,εικοσιεννιά,τριάντα,τριάντα μία]]>
		</sequence>
	</group>
	<group>
		<sequence bind="month" first="0" delimeter=",">				
			<![CDATA[Ιανουαρίου,Φεβρουαρίου,Μαρτίου,Απριλίου,Μαΐου,Ιουνίου,Ιουλίου,Αυγούστου,Σεπτεμβρίου,Οκτωβρίου,Νοεμβρίου,Δεκεμβρίου]]>
		</sequence>
	</group>
	<group>
		<item highlight="true"><![CDATA[,]]></item>
	</group>
	<group>
		<sequence bind="hour" first="1" delimeter=",">
			<![CDATA[μία,δύο,τρεις,τέσσερις,πέντε,έξι,εφτά,οχτώ,εννιά,δέκα,έντεκα,δώδεκα]]>
		</sequence>
	</group>
	<group>
		<item highlight="minute==0"><![CDATA[]]></item>
		<item highlight="minute!=0"><![CDATA[και]]></item>
		<space count="58" />
	</group>
	<group>
		<sequence bind="minute" first="0" delimeter=",">
			<![CDATA[η ώρα,ένα,δύο,τρία,τέσσερα,πέντε,έξι,εφτά,οχτώ,εννιά,δέκα,έντεκα,δώδεκα,δεκατρία,δεκατέσσερα,δεκαπέντε,δεκαέξι,δεκαεφτά,δεκαοχτώ,δεκαεννιά,είκοσι,εικοσιένα,εικοσιδύο,εικοσιτρία,εικοσιτέσσερα,εικοσιπέντε,εικοσιέξι,εικοσιεφτά,εικοσιοχτώ,εικοσιεννιά,τριάντα,τριάντα-ένα,τριάντα-δύο,τριάντα-τρία,τριάντα-τέσσερα,τριάντα-πέντε,τριάντα-έξι,τριάντα-εφτά,τριάντα-οχτώ,τριάντα-εννιά,σαράντα,σαράντα-ένα,σαράντα-δύο,σαράντα-τρία,σαράντα-τέσσερα,σαράντα-πέντε,σαράντα-έξι,σαράντα-εφτά,σαράντα-οχτώ,σαράντα-εννιά,πενήντα,πενήντα-ένα,πενήντα-δύο,πενήντα-τρία,πενήντα-τέσσερα,πενήντα-πέντε,πενήντα-έξι,πενήντα-εφτά,πενήντα-οχτώ,πενήντα-εννιά]]>
		</sequence>
	</group>

	<group>
		<item highlight="twentyfourhour&lt;12"><![CDATA[π.μ.]]></item>
		<item highlight="twentyfourhour&gt;=12"><![CDATA[μ.μ.]]></item>
		<space count="58" />
	</group>

	<group>
		<item highlight="second==0"><![CDATA[]]></item>
		<item highlight="second!=0"><![CDATA[και]]></item>
		<space count="58" />
	</group>

	<group>
		<sequence bind="second" first="0" delimeter=",">
			<![CDATA[,ένα,δύο,τρία,τέσσερα,πέντε,έξι,εφτά,οχτώ,εννιά,δέκα,έντεκα,δώδεκα,δεκατρία,δεκατέσσερα,δεκαπέντε,δεκαέξι,δεκαεφτά,δεκαοχτώ,δεκαεννιά,είκοσι,εικοσιένα,εικοσιδύο,εικοσιτρία,εικοσιτέσσερα,εικοσιπέντε,εικοσιέξι,εικοσιεφτά,εικοσιοχτώ,εικοσιεννιά,τριάντα,τριάντα-ένα,τριάντα-δύο,τριάντα-τρία,τριάντα-τέσσερα,τριάντα-πέντε,τριάντα-έξι,τριάντα-εφτά,τριάντα-οχτώ,τριάντα-εννιά,σαράντα,σαράντα-ένα,σαράντα-δύο,σαράντα-τρία,σαράντα-τέσσερα,σαράντα-πέντε,σαράντα-έξι,σαράντα-εφτά,σαράντα-οχτώ,σαράντα-εννιά,πενήντα,πενήντα-ένα,πενήντα-δύο,πενήντα-τρία,πενήντα-τέσσερα,πενήντα-πέντε,πενήντα-έξι,πενήντα-εφτά,πενήντα-οχτώ,πενήντα-εννιά]]>
		</sequence>
	</group>
	
	<group>
		<item highlight="second&lt;1"><![CDATA[]]></item>
		<item highlight="second==1"><![CDATA[δευτερόλεπτο]]></item>
		<item highlight="second&gt;1"><![CDATA[δευτερόλεπτα]]></item>
		<space count="57" />
	</group>

</wordclock>
