<?xml version="1.0" encoding="UTF-8"?><wordclock language="is">    <title>        <![CDATA[Mánudagur þannáttunda  ágúst, sjö fimmtíuogfimm og fjöritíuogein sekúnda.]]>    </title>    <author>        <name>            <![CDATA[Laufey Agnarsdóttir]]>        </name>        <url>            <![CDATA[http://www.tst.is/]]>        </url>        <email>            <![CDATA[la@tst.is]]>        </email>    </author>    <suitability>        <suitable style="linear"/>        <suitable style="rotary"/>    </suitability>    <group>        <sequence bind="day" first="0" delimeter=",">            <![CDATA[Sunnudagur,Mánudagur,þriðjudagur,Miðvikudagur,Fimmtudagur,Föstudagur,Laugardagur]]>        </sequence>    </group>    <group>        <item highlight="true">            <![CDATA[þann]]>        </item>    </group>    <group>        <sequence bind="date" first="1" delimeter=",">            <![CDATA[fyrsta,annar,þriðja,fjórða,fimmta,sjötta,sjöunda,áttunda,níunda,tíunda,ellefta,tólfta,þrettánda,fjórtanda,fimmtánda,sextánda,sautjánda,átjánda,nítjánda,tuttugasta,tuttugastiogfyrsta,tuttugastiogannan,tuttugastiogþriðja,tuttugastiogfjórða,tuttugastiogfimmta,tuttugastiogsjötta,tuttugastiogsjöunda,tuttugastiogáttunda,tuttugastiogníunda,þrítugasta,þrítugastiogfyrsta]]>        </sequence>    </group>    <group>        <sequence bind="month" first="0" delimeter=",">            <![CDATA[janúar,febrúar,mars,apríl,maí,júní,júlí,ágúst,september,október,nóvember,desember]]>        </sequence>    </group>    <group>        <item highlight="true">            <![CDATA[,]]>        </item>    </group>    <group>        <sequence bind="twentyfourhour" first="0" delimeter=",">            <![CDATA[Zero,eitt,tvö,þrjú,fjögur,fimm,sex,sjö,átta,níu,tíu,ellefu,tólf,þrettán,fjórtán,fimmtán,sextán,sautján,átján,nítján,tuttugu,tuttutguogeitt,tuttuguogtvö,tuttuguogþrjú]]>        </sequence>    </group>    <group>        <sequence bind="minute" first="0" delimeter=",">            <![CDATA[ein,tvær,þrjár,fjórar,fimm,sex,sjö,átta,níu,tíu,ellefu,tólf,þrettán,fjórtán,fimmtán,sextán,sautján,átján,nítján,tuttugu,tuttuguogein,tuttuguogtvær,tuttuguogþrjár,tuttuguogfjórar,tuttuguogfimm,tuttuguogsex,tuttuguogsjö,tuttuguogátta,tuttuguogníu,þrjátíu,þrjátíuogein,þrjátíuogtvær,þrjátíuogþrjár,þrjátíuogfjórar,þrjátíuogfimm,þrjátíuogsex,þrjátíuogsjö,þrjátíuogátta,þrjátíuogníu,fjöritíu,fjöritíuogein,fjöritíuogtvær,fjöritíuogþrjár,fjöritíuogfjórar,fjöritíuogfimm,fjöritíuogsex,fjöritíuogsjö,fjöritíuogátta,fjöritíuogníu,fimmtíu,fimmtíuogein,fimmtíuogtvær,fimmtíuogþrjár,fimmtíuogfjórar,fimmtíuogfimm,fimmtíuogsex,fimmtíuogsjö,fimmtíuogátta,fimmtíuogníu]]>        </sequence>    </group>    <group>        <item highlight="true">            <![CDATA[og]]>        </item>    </group>    <group>        <sequence bind="second" first="0" delimeter=",">            <![CDATA[núll,ein,tvær,þrjár,fjórar,fimm,sex,sjö,átta,níu,tíu,ellefu,tólf,þrettán,fjórtán,fimmtán,sextán,sautján,átján,nítján,tuttugu,tuttuguogein,tuttuguogtvær,tuttuguogþrjár,tuttuguogfjórar,tuttuguogfimm,tuttuguogsex,tuttuguogsjö,tuttuguogátta,tuttuguogníu,þrjátíu,þrjátíuogein,þrjátíuogtvær,þrjátíuogþrjár,þrjátíuogfjórar,þrjátíuogfimm,þrjátíuogsex,þrjátíuogsjö,þrjátíuogátta,þrjátíuogníu,fjöritíu,fjöritíuogein,fjöritíuogtvær,fjöritíuogþrjár,fjöritíuogfjórar,fjöritíuogfimm,fjöritíuogsex,fjöritíuogsjö,fjöritíuogátta,fjöritíuogníu,fimmtíu,fimmtíuogein,fimmtíuogtvær,fimmtíuogþrjár,fimmtíuogfjórar,fimmtíuogfimm,fimmtíuogsex,fimmtíuogsjö,fimmtíuogátta,fimmtíuogníu]]>        </sequence>    </group>    <group>        <item highlight="second==1">            <![CDATA[sekúnda]]>        </item>        <item highlight="second!=1">            <![CDATA[sekúndur]]>        </item>        <space count="58"/>    </group></wordclock>