<?xml version="1.0" encoding="UTF-8"?><wordclock language="ko">    <title>        <![CDATA[이월 사일 목요일 오전 열두시 십삼분 십구초]]>    </title>    <author>        <name>            <![CDATA[KapitalD1]]>        </name>        <url>            <![CDATA[]]>        </url>        <email>            <![CDATA[kapitald1@gmail.com]]>        </email>    </author>    <suitability>        <suitable style="linear"/>        <suitable style="rotary"/>    </suitability>    <group>        <sequence bind="month" first="0" delimeter=",">            <![CDATA[일,이,삼,사,오,유,칠,팔,구,시,십일,십이]]>        </sequence>    </group>    <group>        <item highlight="true">            <![CDATA[월]]>        </item>    </group>    <group>        <sequence bind="date" first="1" delimeter=",">            <![CDATA[일,이,삼,사,오,육,칠,팔,구,십,십일,십이,십삼,십사,십오,십육,십칠,십팔,십구,이십,이십일,이십이,이십삼,이십사,이십오,이십육,이십칠,이십팔,이십구,삼십,삼십일]]>        </sequence>    </group>    <group>        <item highlight="true">            <![CDATA[일]]>        </item>    </group>    <group>        <sequence bind="daystartingmonday" first="0" delimeter=",">            <![CDATA[월,화,수,목,금,토,일]]>        </sequence>    </group>    <group>        <item highlight="true">            <![CDATA[요일]]>        </item>    </group>    <group>        <item highlight="twentyfourhour&lt;12">            <![CDATA[오전]]>        </item>        <item highlight="twentyfourhour&gt;=12">            <![CDATA[오후]]>        </item>        <space count="58"/>    </group>    <group>        <sequence bind="hour" first="1" delimeter=",">            <![CDATA[한,두,세,네,다섯,여섯,일곱,여덟,아홉,열,열한,열두]]>        </sequence>    </group>    <group>        <item highlight="true">            <![CDATA[시]]>        </item>    </group>    <group>        <sequence bind="minute" first="0" delimeter=",">            <![CDATA[영,일,이,삼,사,오,육,칠,팔,구,십,십일,십이,십삼,십사,십오,십육,십칠,십팔,십구,이십,이십일,이십이,이십삼,이십사,이십오,이십육,이십칠,이십팔,이십구,삼십,삼십일,삼십이,삼십삼,삼십사,삼십오,삼십육,삼십칠,삼십팔,삼십구,사십,사십일,사십이,사십삼,사십사,사십오,사십육,사십칠,사십팔,사십구,오십,오십일,오십이,오십삼,오십사,오십오,오십육,오십칠,오십팔,오십구]]>        </sequence>    </group>    <group>        <item highlight="true">            <![CDATA[분]]>        </item>    </group>    <group>        <sequence bind="second" first="0" delimeter=",">            <![CDATA[영,일,이,삼,사,오,육,칠,팔,구,십,십일,십이,십삼,십사,십오,십육,십칠,십팔,십구,이십,이십일,이십이,이십삼,이십사,이십오,이십육,이십칠,이십팔,이십구,삼십,삼십일,삼십이,삼십삼,삼십사,삼십오,삼십육,삼십칠,삼십팔,삼십구,사십,사십일,사십이,사십삼,사십사,사십오,사십육,사십칠,사십팔,사십구,오십,오십일,오십이,오십삼,오십사,오십오,오십육,오십칠,오십팔,오십구]]>        </sequence>    </group>    <group>        <item highlight="true">            <![CDATA[초]]>        </item>    </group></wordclock>