<?xml version="1.0" encoding="UTF-8"?><wordclock language="ru">    <title>        <![CDATA[понедельник одиннадцатое августа, семь час, семнадцать минута, одиннадцать секунды.]]>    </title>    <author>        <name>            <![CDATA[Dmitry Neiaglov]]>        </name>        <url>            <![CDATA[]]>        </url>        <email>            <![CDATA[dima.neiaglov@gmail.com]]>        </email>    </author>    <suitability>        <suitable style="linear"/>        <suitable style="rotary"/>    </suitability>    <group>        <sequence bind="daystartingmonday" first="0" delimeter=",">            <![CDATA[понедельник,вторник,среда,четверг,пятница,суббота,воскресенье]]>        </sequence>    </group>    <group>        <sequence bind="date" first="1" delimeter=",">            <![CDATA[первое,второе,третье,четвертое,пятое,шестое,седьмое,восьмое,девятое,десятое,одиннадцатое,двенадцатое,тринадцатое,четырнадцатое,пятнадцатое,шестнадцатое,семнадцатое,восемнадцатое,девятнадцатое,двадцатое,двадцать первое,двадцать второе,двадцать третье,двадцать четвертое,двадцать пятое,двадцать шестое,двадцать седьмое,двадцать восьмое,двадцать девятое,тридцатое,тридцать первое]]>        </sequence>    </group>    <group>        <sequence bind="month" first="0" delimeter=",">            <![CDATA[января,февраля,марта,апреля,мая,июня,июля,августа,сентября,октября,ноября,декабря]]>        </sequence>    </group>    <group>        <item highlight="true">            <![CDATA[,]]>        </item>    </group>    <group>        <sequence bind="hour" first="1" delimeter=",">            <![CDATA[один,два,три,четыре,пять,шесть,семь,восемь,девять,десять,одиннадцать,двенадцать]]>        </sequence>    </group>    <group>        <item highlight="hour==1 || hour==21 || hour==31 || hour==41 || hour==51">            <![CDATA[час]]>        </item>        <item highlight="(hour &gt;=2 &amp;&amp; hour &lt;= 4) || (hour &gt;=22 &amp;&amp; hour &lt;= 24) || (hour &gt;=32 &amp;&amp; hour &lt;= 34) || (hour &gt;=42 &amp;&amp; hour &lt;= 44) || (hour &gt;=52 &amp;&amp; hour &lt;= 54)">            <![CDATA[часа]]>        </item>        <item highlight="else">            <![CDATA[часов]]>        </item>        <space count="57"/>    </group>    <group>        <item highlight="true">            <![CDATA[,]]>        </item>    </group>    <group>        <sequence bind="minute" first="0" delimeter=",">            <![CDATA[ноль,одна,две,три,четыре,пять,шесть,семь,восемь,девять,десять,одиннадцать,двенадцать,тринадцать,четырнадцать,пятнадцать,шестнадцать,семнадцать,восемнадцать,девятнадцать,двадцать,двадцать одна,двадцать две,двадцать три,двадцать четыре,двадцать пять,двадцать шесть,двадцать семь,двадцать восемь,двадцать девять,тридцать,тридцать одна,тридцать две,тридцать три,тридцать четыре,тридцать пять ,тридцать шесть,тридцать семь,тридцать восемь,тридцать девять,сорок,сорок одна,сорок две,сорок три,сорок четыре,сорок пять,сорок-шесть,сорок семь,сорок восемь,сорок девять,пятьдесят,пятьдесят одна,пятьдесят две,пятьдесят три,пятьдесят четыре,пятьдесят пять,пятьдесят шесть,пятьдесят семь,пятьдесят восемь,пятьдесят девять]]>        </sequence>    </group>    <group>        <item highlight="minute==1 || minute==21 || minute==31 || minute==41 || minute==51">            <![CDATA[минута]]>        </item>        <item highlight="(minute &gt;=2 &amp;&amp; minute &lt;= 4) || (minute &gt;=22 &amp;&amp; minute &lt;= 24) || (minute &gt;=32 &amp;&amp; minute &lt;= 34) || (minute &gt;=42 &amp;&amp; minute &lt;= 44) || (minute &gt;=52 &amp;&amp; minute &lt;= 54)">            <![CDATA[минуты]]>        </item>        <item highlight="else">            <![CDATA[минут]]>        </item>        <space count="57"/>    </group>    <group>        <item highlight="true">            <![CDATA[,]]>        </item>    </group>    <group>        <sequence bind="second" first="0" delimeter=",">            <![CDATA[ноль,одна,две,три,четыре,пять,шесть,семь,восемь,девять,десять,одиннадцать,двенадцать,тринадцать,четырнадцать,пятнадцать,шестнадцать,семнадцать,восемнадцать,девятнадцать,двадцать,двадцать одна,двадцать две,двадцать три,двадцать четыре,двадцать пять,двадцать шесть,двадцать семь,двадцать восемь,двадцать девять,тридцать,тридцать одна,тридцать две,тридцать три,тридцать четыре,тридцать пять ,тридцать шесть,тридцать семь,тридцать восемь,тридцать девять,сорок,сорок одна,сорок две,сорок три,сорок четыре,сорок пять,сорок шесть,сорок семь,сорок восемь,сорок девять,пятьдесят,пятьдесят одна,пятьдесят две,пятьдесят три,пятьдесят четыре,пятьдесят пять,пятьдесят шесть,пятьдесят семь,пятьдесят восемь,пятьдесят девять]]>        </sequence>    </group>    <group>        <item highlight="second==1 || second==21 || second==31 || second==41 || second==51">            <![CDATA[секунда]]>        </item>        <item highlight="(second &gt;=2 &amp;&amp; second &lt;= 4) || (second &gt;=22 &amp;&amp; second &lt;= 24) || (second &gt;=32 &amp;&amp; second &lt;= 34) || (second &gt;=42 &amp;&amp; second &lt;= 44) || (second &gt;=52 &amp;&amp; second &lt;= 54)">            <![CDATA[секунды]]>        </item>        <item highlight="else">            <![CDATA[секунд]]>        </item>        <space count="57"/>    </group></wordclock>