<?xml version="1.0" encoding="UTF-8"?><wordclock language="sl">    <title>        <![CDATA[(24 ur) Četrtek, trideseti avgust, dvaindvajset minut in enaindvajset sekund.]]>    </title>    <author>        <name>            <![CDATA[Damjan Pavlovec]]>        </name>        <url>            <![CDATA[]]>        </url>        <email>            <![CDATA[damjan_pavlovec@hotmail.com]]>        </email>    </author>    <suitability>        <suitable style="linear"/>    </suitability>    <group>        <sequence bind="day" first="0" delimeter=";">            <![CDATA[Nedelja,;Ponedeljek,;Torek,;Sreda,;Četrtek,;Petek,;Sobota,]]>        </sequence>    </group>    <group>        <sequence bind="date" first="1" delimeter=";">            <![CDATA[prvi;drugi;tretji;četrti;peti;šesti;sedmi;osmi;deveti;deseti;enajsti;dvanajsti;trinajsti;štirinajsti;petnajsti;šestnajsti;sedemnajsti;osemnajsti;devetnajsti;dvajseti;enaindvajseti;dvaindvajseti;triindvajseti;štiriindvajseti;petindvajseti;šestindvajseti;sedemindvajseti;osemindvajseti;devetindvajseti;trideseti;enaintrideseti,]]>        </sequence>    </group>    <group>        <sequence bind="month" first="0" delimeter=";">            <![CDATA[januar,;februar,;marec,;april,;maj,;junij,;julij,;avgust,;september,;oktober,;november,;december,]]>        </sequence>    </group>    <group>        <item highlight="hour==0 &amp;&amp; (minute==0)">            <![CDATA[polnoč]]>        </item>        <item highlight="hour==0 &amp;&amp; (minute&gt;=1)">            <![CDATA[polnoč,]]>        </item>        <item highlight="hour==1 &amp;&amp; (minute==0)">            <![CDATA[ena]]>        </item>        <item highlight="hour==1 &amp;&amp; (minute&gt;=1)">            <![CDATA[ena,]]>        </item>        <item highlight="hour==2 &amp;&amp; (minute==0)">            <![CDATA[dve]]>        </item>        <item highlight="hour==2 &amp;&amp; (minute&gt;=1)">            <![CDATA[dve,]]>        </item>        <item highlight="hour==3 &amp;&amp; (minute==0)">            <![CDATA[tri]]>        </item>        <item highlight="hour==3 &amp;&amp; (minute&gt;=1)">            <![CDATA[tri,]]>        </item>        <item highlight="hour==4 &amp;&amp; (minute==0)">            <![CDATA[štiri]]>        </item>        <item highlight="hour==4 &amp;&amp; (minute&gt;=1)">            <![CDATA[štiri,]]>        </item>        <item highlight="hour==5 &amp;&amp; (minute==0)">            <![CDATA[pet]]>        </item>        <item highlight="hour==5 &amp;&amp; (minute&gt;=1)">            <![CDATA[pet,]]>        </item>        <item highlight="hour==6 &amp;&amp; (minute==0)">            <![CDATA[šest]]>        </item>        <item highlight="hour==6 &amp;&amp; (minute&gt;=1)">            <![CDATA[šest,]]>        </item>        <item highlight="hour==7 &amp;&amp; (minute==0)">            <![CDATA[sedem]]>        </item>        <item highlight="hour==7 &amp;&amp; (minute&gt;=1)">            <![CDATA[sedem,]]>        </item>        <item highlight="hour==8 &amp;&amp; (minute==0)">            <![CDATA[osem]]>        </item>        <item highlight="hour==8 &amp;&amp; (minute&gt;=1)">            <![CDATA[osem,]]>        </item>        <item highlight="hour==9 &amp;&amp; (minute==0)">            <![CDATA[devet]]>        </item>        <item highlight="hour==9 &amp;&amp; (minute&gt;=1)">            <![CDATA[devet,]]>        </item>        <item highlight="hour==10 &amp;&amp; (minute==0)">            <![CDATA[deset]]>        </item>        <item highlight="hour==10 &amp;&amp; (minute&gt;=1)">            <![CDATA[deset,]]>        </item>        <item highlight="hour==11 &amp;&amp; (minute==0)">            <![CDATA[enajst]]>        </item>        <item highlight="hour==11 &amp;&amp; (minute&gt;=1)">            <![CDATA[enajst,]]>        </item>        <item highlight="hour==12 &amp;&amp; (minute==0)">            <![CDATA[dvanajst]]>        </item>        <item highlight="hour==12 &amp;&amp; (minute&gt;=1)">            <![CDATA[dvanajst,]]>        </item>        <item highlight="hour==13 &amp;&amp; (minute==0)">            <![CDATA[trinajst]]>        </item>        <item highlight="hour==13 &amp;&amp; (minute&gt;=1)">            <![CDATA[trinajst,]]>        </item>        <item highlight="hour==14 &amp;&amp; (minute==0)">            <![CDATA[štirinajst]]>        </item>        <item highlight="hour==14 &amp;&amp; (minute&gt;=1)">            <![CDATA[štirinajst,]]>        </item>        <item highlight="hour==15 &amp;&amp; (minute==0)">            <![CDATA[petnajst]]>        </item>        <item highlight="hour==15 &amp;&amp; (minute&gt;=1)">            <![CDATA[petnajst,]]>        </item>        <item highlight="hour==16 &amp;&amp; (minute==0)">            <![CDATA[šestnajst]]>        </item>        <item highlight="hour==16 &amp;&amp; (minute&gt;=1)">            <![CDATA[šestnajst,]]>        </item>        <item highlight="hour==17 &amp;&amp; (minute==0)">            <![CDATA[sedemnajst]]>        </item>        <item highlight="hour==17 &amp;&amp; (minute&gt;=1)">            <![CDATA[sedemnajst,]]>        </item>        <item highlight="hour==18 &amp;&amp; (minute==0)">            <![CDATA[osemnajst]]>        </item>        <item highlight="hour==18 &amp;&amp; (minute&gt;=1)">            <![CDATA[osemnajst,]]>        </item>        <item highlight="hour==19 &amp;&amp; (minute==0)">            <![CDATA[devetnajst]]>        </item>        <item highlight="hour==19 &amp;&amp; (minute&gt;=1)">            <![CDATA[devetnajst,]]>        </item>        <item highlight="hour==20 &amp;&amp; (minute==0)">            <![CDATA[dvajset]]>        </item>        <item highlight="hour==20 &amp;&amp; (minute&gt;=1)">            <![CDATA[dvajset,]]>        </item>        <item highlight="hour==21 &amp;&amp; (minute==0)">            <![CDATA[enaindvajset]]>        </item>        <item highlight="hour==21 &amp;&amp; (minute&gt;=1)">            <![CDATA[enaindvajset,]]>        </item>        <item highlight="hour==22 &amp;&amp; (minute==0)">            <![CDATA[dvaindvajset]]>        </item>        <item highlight="hour==22 &amp;&amp; (minute&gt;=1)">            <![CDATA[dvaindvajset,]]>        </item>        <item highlight="hour==23 &amp;&amp; (minute==0)">            <![CDATA[triindvajset]]>        </item>        <item highlight="hour==23 &amp;&amp; (minute&gt;=1)">            <![CDATA[triindvajset,]]>        </item>    </group>    <group>        <sequence bind="minute" first="0" delimeter=";">            <![CDATA[;ena;dve;tri;štiri;pet;šest;sedem;osem;devet;deset;enajst;dvanajst;trinajst;štirinajst;petnajst;šestnajst;sedemnajst;osemnajst;devetnajst;dvajset;enaindvajset;dvaindvajset;triindvajset;štiriindvajset;petindvajset;šestindvajset;sedemindvajset;osemindvajset;devetindvajset;trideset;enaintrideset;dvaintrideset;triintrideset;štiriintrideset;petintrideset;šestintrideset;sedemintrideset;osemintrideset;devetintrideset;štirideset;enainštirideset;dvainštirideset;triinštirideset;štiriinštirideset;petinštirideset;šestinštirideset;sedeminštirideset;oseminštirideset;devetinštirideset;petdeset;enainpetdeset;dvainpetdeset;triinpetdeset;štiriinpetdeset;petinpetdeset;šestinpetdeset;sedeminpetdeset;oseminpetdeset;devetinpetdeset]]>        </sequence>    </group>    <group>        <item highlight="minute==0">            <![CDATA[]]>        </item>        <item highlight="minute==1">            <![CDATA[minuta]]>        </item>        <item highlight="minute==2">            <![CDATA[minuti]]>        </item>        <item highlight="minute==3 || minute==4">            <![CDATA[minute]]>        </item>        <item highlight="minute&gt;=5">            <![CDATA[minut]]>        </item>        <space count="55"/>    </group>    <group>        <item highlight="second==0">            <![CDATA[]]>        </item>        <item highlight="second&gt;=1">            <![CDATA[in]]>        </item>        <space count="58"/>    </group>    <group>        <sequence bind="second" first="0" delimeter=";">            <![CDATA[;ena;dve;tri;štiri;pet;šest;sedem;osem;devet;deset;enajst;dvanajst;trinajst;štirinajst;petnajst;šestnajst;sedemnajst;osemnajst;devetnajst;dvajset;enaindvajset;dvaindvajset;triindvajset;štiriindvajset;petindvajset;šestindvajset;sedemindvajset;osemindvajset;devetindvajset;trideset;enaintrideset;dvaintrideset;triintrideset;štiriintrideset;petintrideset;šestintrideset;sedemintrideset;osemintrideset;devetintrideset;štirideset;enainštirideset;dvainštirideset;triinštirideset;štiriinštirideset;petinštirideset;šestinštirideset;sedeminštirideset;oseminštirideset;devetinštirideset;petdeset;enainpetdeset;dvainpetdeset;triinpetdeset;štiriinpetdeset;petinpetdeset;šestinpetdeset;sedeminpetdeset;oseminpetdeset;devetinpetdeset]]>        </sequence>    </group>    <group>        <item highlight="second==0">            <![CDATA[]]>        </item>        <item highlight="second==1">            <![CDATA[sekunda]]>        </item>        <item highlight="second==2">            <![CDATA[sekundi]]>        </item>        <item highlight="second==3 || second==4">            <![CDATA[sekunde]]>        </item>        <item highlight="second&gt;=5">            <![CDATA[sekund]]>        </item>        <space count="55"/>    </group></wordclock>