<?xml version="1.0" encoding="UTF-8"?><wordclock language="es">    <title>        <![CDATA[Martes veinticinco de junio, cuatro catorce con treinta segundos de la mañana.]]>    </title>    <author>        <name>            <![CDATA[Santiago Sarceda]]>        </name>        <url>            <![CDATA[]]>        </url>        <email>            <![CDATA[sarceda@gmail.com]]>        </email>    </author>    <suitability>        <suitable style="linear"/>        <suitable style="rotary"/>    </suitability>    <group>        <sequence bind="daystartingmonday" first="0" delimeter=",">            <![CDATA[Lunes,Martes,Miércoles,Jueves,Viernes,Sábado,Domingo]]>        </sequence>    </group>    <group>        <sequence bind="date" first="1" delimeter=",">            <![CDATA[primero,dos,tres,cuatro,cinco,seis,siete,ocho,nueve,diez,once,doce,trece,catorce,quince,dieciséis,diecisiete,dieciocho,diecinueve,veinte,veintiuno,veintidós,veintitrés,veinticuatro,veinticinco,veintiséis,veintisiete,veintiocho,veintinueve,treinta,treinta y uno]]>        </sequence>    </group>    <group>        <item highlight="true">            <![CDATA[de]]>        </item>    </group>    <group>        <sequence bind="month" first="0" delimeter=",">            <![CDATA[enero,febrero,marzo,abril,mayo,junio,julio,agosto,septiembre,octubre,noviembre,diciembre]]>        </sequence>    </group>    <group>        <item highlight="true">            <![CDATA[,]]>        </item>    </group>    <group>        <sequence bind="hour" first="1" delimeter=",">            <![CDATA[una,dos,tres,cuatro,cinco,seis,siete,ocho,nueve,diez,once,doce]]>        </sequence>    </group>    <group>        <sequence bind="minute" first="0" delimeter=",">            <![CDATA[en punto,uno,dos,tres,cuatro,cinco,seis,siete,ocho,nueve,diez,once,doce,trece,catorce,y cuarto,dieciséis,diecisiete,dieciocho,diecinueve,veinte,veintiuno,veintidós,veintitrés,veinticuatro,veinticinco,veintiséis,veintisiete,veintiocho,veintinueve,y media,treinta y uno,treinta y dos,treinta y tres,treinta y cuatro,treinta y cinco,treinta y seis,treinta y siete,treinta y ocho,treinta y nueve,cuarenta,cuarenta y uno,cuarenta y dos,cuarenta y tres,cuarenta y cuatro,cuarenta y cinco,cuarenta y seis,cuarenta y siete,cuarenta y ocho,cuarenta y nueve,cincuenta,cincuenta y uno,cincuenta y dos,cincuenta y tres,cincuenta y cuatro,cincuenta y cinco,cincuenta y seis,cincuenta y siete,cincuenta y ocho,cincuenta y nueve]]>        </sequence>    </group>    <group>        <item highlight="true">            <![CDATA[con]]>        </item>    </group>    <group>        <sequence bind="second" first="0" delimeter=",">            <![CDATA[cero,un,dos,tres,cuatro,cinco,seis,siete,ocho,nueve,diez,once,doce,trece,catorce,quince,dieciséis,diecisiete,dieciocho,diecinueve,veinte,veintiun,veintidós,veintitrés,veinticuatro,veinticinco,veintiséis,veintisiete,veintiocho,veintinueve,treinta,treinta y un,treinta y dos,treinta y tres,treinta y cuatro,treinta y cinco,treinta y seis,treinta y siete,treinta y ocho,treinta y nueve,cuarenta,cuarenta y un,cuarenta y dos,cuarenta y tres,cuarenta y cuatro,cuarenta y cinco,cuarenta y seis,cuarenta y siete,cuarenta y ocho,cuarenta y nueve,cincuenta,cincuenta y un,cincuenta y dos,cincuenta y tres,cincuenta y cuatro,cincuenta y cinco,cincuenta y seis,cincuenta y siete,cincuenta y ocho,cincuenta y nueve]]>        </sequence>    </group>    <group>        <item highlight="second==1">            <![CDATA[segundo]]>        </item>        <item highlight="second!=1">            <![CDATA[segundos]]>        </item>        <space count="58"/>    </group>    <group>        <item highlight="twentyfourhour&lt;12">            <![CDATA[de la mañana]]>        </item>        <item highlight="twentyfourhour&gt;=12">            <![CDATA[de la tarde]]>        </item>        <space count="58"/>    </group></wordclock>