<?xml version="1.0" encoding="UTF-8"?><wordclock language="tr">    <title>        <![CDATA[Pazar bir Eylül, iki on beş ve yirmi dokuz saniye.]]>    </title>    <author>        <name>            <![CDATA[Benan Ilhanli]]>        </name>        <url>            <![CDATA[]]>        </url>        <email>            <![CDATA[benanilhanli@gmail.com]]>        </email>    </author>    <suitability>        <suitable style="linear"/>        <suitable style="rotary"/>    </suitability>    <group>        <sequence bind="daystartingmonday" first="0" delimeter=",">            <![CDATA[Pazartesi,Salı,Çarşamba,Perşembe,Cuma,Cumartesi,Pazar]]>        </sequence>    </group>    <group>        <sequence bind="date" first="1" delimeter=",">            <![CDATA[bir,iki,üç,dört,beş,altı,yedi,sekiz,dokuz,on,on bir,on iki,on üç,on dört,on beş,on altı,on yedi,on sekiz,on dokuz,yirmi,yirmi bir,yirmi iki,yirmi üç,yirmi dört,yirmi beş,yirmi altı,yirmi yedi,yirmi sekiz,yirmi dokuz,otuz,otuz bir]]>        </sequence>    </group>    <group>        <sequence bind="month" first="0" delimeter=",">            <![CDATA[Ocak,Şubat,Mart,Nisan,Mayıs,Haziran,Temmuz,Ağustos,Eylül,Ekim,Kasım,Aralık]]>        </sequence>    </group>    <group>        <item highlight="true">            <![CDATA[,]]>        </item>    </group>    <group>        <sequence bind="twentyfourhour" first="0" delimeter=",">            <![CDATA[yirmi dört,bir,iki,üç,dört,beş,altı,yedi,sekiz,dokuz,on,on bir,on iki,on üç,on dört,on beş,on altı,on yedi,on sekiz,on dokuz,yirmi,yirmi bir,yirmi iki,yirmi üç]]>        </sequence>    </group>    <group>        <sequence bind="minute" first="0" delimeter=",">            <![CDATA[sıfır sıfır,sıfır bir,sıfır iki,sıfır üç,sıfır dört,sıfır beş,sıfır altı,sıfır yedi,sıfır sekiz,sıfır dokuz,on,on bir,on iki,on üç,on dört,on beş,on altı,on yedi,on sekiz,on dokuz,yirmi,yirmi bir,yirmi iki,yirmi üç,yirmi dört,yirmi beş,yirmi altı,yirmi yedi,yirmi sekiz,yirmi dokuz,otuz,otuz bir,otuz iki,otuz üç,otuz dört,otuz beş,otuz altı,otuz yedi,otuz sekiz,otuz dokuz,kırk,kırk bir,kırk iki,kırk üç,kırk dört,kırk beş,kırk altı,kırk yedi,kırk sekiz,kırk dokuz,elli,elli bir,elli iki,elli üç,elli dört,elli beş,elli altı,elli yedi,elli sekiz,elli dokuz]]>        </sequence>    </group>    <group>        <item highlight="true">            <![CDATA[ve]]>        </item>    </group>    <group>        <sequence bind="second" first="0" delimeter=",">            <![CDATA[sıfır,bir,iki,üç,dört,beş,altı,yedi,sekiz,dokuz,on,on bir,on iki,on üç,on dört,on beş,on altı,on yedi,on sekiz,on dokuz,yirmi,yirmi bir,yirmi iki,yirmi üç,yirmi dört,yirmi beş,yirmi altı,yirmi yedi,yirmi sekiz,yirmi dokuz,otuz,otuz bir,otuz iki,otuz üç,otuz dört,otuz beş,otuz altı,otuz yedi,otuz sekiz,otuz dokuz,kırk,kırk bir,kırk iki,kırk üç,kırk dört,kırk beş,kırk altı,kırk yedi,kırk sekiz,kırk dokuz,elli,elli bir,elli iki,elli üç,elli dört,elli beş,elli altı,elli yedi,elli sekiz,elli dokuz]]>        </sequence>    </group>    <group>        <item highlight="true">            <![CDATA[saniye]]>        </item>    </group></wordclock>